{
  "Top": "fft_8point",
  "RtlTop": "fft_8point",
  "RtlPrefix": "",
  "SourceLanguage": "cpp",
  "ResetStyle": "control",
  "GenerateBdFiles": "0",
  "HostMachineBits": "64",
  "Target": {
    "Family": "zynq",
    "Device": "xc7z020",
    "Package": "-clg484",
    "Speed": "-1"
  },
  "HlsSolution": {"Config": [
      "config_export -format=ip_catalog",
      "config_export -rtl=verilog"
    ]},
  "Args": {
    "FFT_input": {
      "index": "0",
      "type": {
        "kinds": ["array"],
        "dataType": "complex",
        "arraySizes": ["8"]
      }
    },
    "FFT_output": {
      "index": "1",
      "type": {
        "kinds": ["array"],
        "dataType": "complex",
        "arraySizes": ["8"]
      }
    }
  },
  "Return": {
    
  },
  "ClockInfo": {
    "ClockName": "ap_clk",
    "ClockPeriod": "10",
    "IsCombLogic": "0",
    "II": "x",
    "Latency": "221",
    "Uncertainty": "1.25"
  },
  "Xdc": {"OocClocks": ["create_clock -name ap_clk -period 10.000 [get_ports ap_clk]"]},
  "Ipx": {
    "Vendor": "xilinx.com",
    "Library": "hls",
    "Name": "fft_8point",
    "Version": "1.0",
    "DisplayName": "Fft_8point",
    "Revision": "",
    "Description": "An IP generated by Vivado HLS",
    "Taxonomy": "\/VIVADO_HLS_IP",
    "AutoFamilySupport": ""
  },
  "Files": {
    "CSource": ["fft.cpp"],
    "Vhdl": [
      "impl\/vhdl\/fft_8point_fadd_32ns_32ns_32_5_full_dsp_1.vhd",
      "impl\/vhdl\/fft_8point_faddfsub_32ns_32ns_32_5_full_dsp_1.vhd",
      "impl\/vhdl\/fft_8point_FFT_rev_M_real.vhd",
      "impl\/vhdl\/fft_8point_fmul_32ns_32ns_32_4_max_dsp_1.vhd",
      "impl\/vhdl\/fft_8point_fsub_32ns_32ns_32_5_full_dsp_1.vhd",
      "impl\/vhdl\/fft_8point_mux_42_32_1_1.vhd",
      "impl\/vhdl\/fft_8point_rev8.vhd",
      "impl\/vhdl\/FFT_stages.vhd",
      "impl\/vhdl\/FFT_stages_temp1_M_real.vhd",
      "impl\/vhdl\/FFT_stages_temp2_M_real.vhd",
      "impl\/vhdl\/fft_8point.vhd"
    ],
    "Verilog": [
      "impl\/verilog\/fft_8point_fadd_32ns_32ns_32_5_full_dsp_1.v",
      "impl\/verilog\/fft_8point_faddfsub_32ns_32ns_32_5_full_dsp_1.v",
      "impl\/verilog\/fft_8point_FFT_rev_M_real.v",
      "impl\/verilog\/fft_8point_fmul_32ns_32ns_32_4_max_dsp_1.v",
      "impl\/verilog\/fft_8point_fsub_32ns_32ns_32_5_full_dsp_1.v",
      "impl\/verilog\/fft_8point_mux_42_32_1_1.v",
      "impl\/verilog\/fft_8point_rev8.v",
      "impl\/verilog\/fft_8point_rev8_rom.dat",
      "impl\/verilog\/FFT_stages.v",
      "impl\/verilog\/FFT_stages_temp1_M_real.v",
      "impl\/verilog\/FFT_stages_temp2_M_real.v",
      "impl\/verilog\/fft_8point.v"
    ],
    "Misc": ["impl\/misc\/logo.png"],
    "Subcore": [
      "impl\/misc\/fft_8point_ap_fadd_3_full_dsp_32_ip.tcl",
      "impl\/misc\/fft_8point_ap_faddfsub_3_full_dsp_32_ip.tcl",
      "impl\/misc\/fft_8point_ap_fmul_2_max_dsp_32_ip.tcl",
      "impl\/misc\/fft_8point_ap_fsub_3_full_dsp_32_ip.tcl"
    ],
    "DesignXml": "\/home\/adi\/repo\/notes\/sem3\/ELD_A+_project\/ELD_project_2\/solution1\/.autopilot\/db\/fft_8point.design.xml",
    "DebugDir": "\/home\/adi\/repo\/notes\/sem3\/ELD_A+_project\/ELD_project_2\/solution1\/.debug",
    "ProtoInst": ["\/home\/adi\/repo\/notes\/sem3\/ELD_A+_project\/ELD_project_2\/solution1\/.debug\/fft_8point.protoinst"]
  },
  "SubcoreInfo": {
    "HasXpmMemory": false,
    "HasClockedDsp": false,
    "IP": [
      {
        "name": "fft_8point_ap_fadd_3_full_dsp_32",
        "vlnv": "xilinx.com:ip:floating_point:7.1",
        "params": "CONFIG.a_precision_type Single CONFIG.a_tuser_width 1 CONFIG.add_sub_value Add CONFIG.b_tuser_width 1 CONFIG.c_a_exponent_width 8 CONFIG.c_a_fraction_width 24 CONFIG.c_compare_operation Programmable CONFIG.c_has_divide_by_zero false CONFIG.c_has_invalid_op false CONFIG.c_has_overflow false CONFIG.c_has_underflow false CONFIG.c_latency 3 CONFIG.c_mult_usage Full_Usage CONFIG.c_optimization Speed_Optimized CONFIG.c_rate 1 CONFIG.c_result_exponent_width 8 CONFIG.c_result_fraction_width 24 CONFIG.component_name fft_8point_ap_fadd_3_full_dsp_32 CONFIG.flow_control NonBlocking CONFIG.has_a_tlast false CONFIG.has_a_tuser false CONFIG.has_aclken true CONFIG.has_aresetn false CONFIG.has_b_tlast false CONFIG.has_b_tuser false CONFIG.has_operation_tlast false CONFIG.has_operation_tuser false CONFIG.has_result_tready false CONFIG.maximum_latency false CONFIG.operation_tuser_width 1 CONFIG.operation_type Add_Subtract CONFIG.result_precision_type Single CONFIG.result_tlast_behv Null"
      },
      {
        "name": "fft_8point_ap_faddfsub_3_full_dsp_32",
        "vlnv": "xilinx.com:ip:floating_point:7.1",
        "params": "CONFIG.a_precision_type Single CONFIG.a_tuser_width 1 CONFIG.add_sub_value Both CONFIG.b_tuser_width 1 CONFIG.c_a_exponent_width 8 CONFIG.c_a_fraction_width 24 CONFIG.c_compare_operation Programmable CONFIG.c_has_divide_by_zero false CONFIG.c_has_invalid_op false CONFIG.c_has_overflow false CONFIG.c_has_underflow false CONFIG.c_latency 3 CONFIG.c_mult_usage Full_Usage CONFIG.c_optimization Speed_Optimized CONFIG.c_rate 1 CONFIG.c_result_exponent_width 8 CONFIG.c_result_fraction_width 24 CONFIG.component_name fft_8point_ap_faddfsub_3_full_dsp_32 CONFIG.flow_control NonBlocking CONFIG.has_a_tlast false CONFIG.has_a_tuser false CONFIG.has_aclken true CONFIG.has_aresetn false CONFIG.has_b_tlast false CONFIG.has_b_tuser false CONFIG.has_operation_tlast false CONFIG.has_operation_tuser false CONFIG.has_result_tready false CONFIG.maximum_latency false CONFIG.operation_tuser_width 1 CONFIG.operation_type Add_Subtract CONFIG.result_precision_type Single CONFIG.result_tlast_behv Null"
      },
      {
        "name": "fft_8point_ap_fmul_2_max_dsp_32",
        "vlnv": "xilinx.com:ip:floating_point:7.1",
        "params": "CONFIG.a_precision_type Single CONFIG.a_tuser_width 1 CONFIG.add_sub_value Both CONFIG.b_tuser_width 1 CONFIG.c_a_exponent_width 8 CONFIG.c_a_fraction_width 24 CONFIG.c_compare_operation Programmable CONFIG.c_has_divide_by_zero false CONFIG.c_has_invalid_op false CONFIG.c_has_overflow false CONFIG.c_has_underflow false CONFIG.c_latency 2 CONFIG.c_mult_usage Max_Usage CONFIG.c_optimization Speed_Optimized CONFIG.c_rate 1 CONFIG.c_result_exponent_width 8 CONFIG.c_result_fraction_width 24 CONFIG.component_name fft_8point_ap_fmul_2_max_dsp_32 CONFIG.flow_control NonBlocking CONFIG.has_a_tlast false CONFIG.has_a_tuser false CONFIG.has_aclken true CONFIG.has_aresetn false CONFIG.has_b_tlast false CONFIG.has_b_tuser false CONFIG.has_operation_tlast false CONFIG.has_operation_tuser false CONFIG.has_result_tready false CONFIG.maximum_latency false CONFIG.operation_tuser_width 1 CONFIG.operation_type Multiply CONFIG.result_precision_type Single CONFIG.result_tlast_behv Null"
      },
      {
        "name": "fft_8point_ap_fsub_3_full_dsp_32",
        "vlnv": "xilinx.com:ip:floating_point:7.1",
        "params": "CONFIG.a_precision_type Single CONFIG.a_tuser_width 1 CONFIG.add_sub_value Subtract CONFIG.b_tuser_width 1 CONFIG.c_a_exponent_width 8 CONFIG.c_a_fraction_width 24 CONFIG.c_compare_operation Programmable CONFIG.c_has_divide_by_zero false CONFIG.c_has_invalid_op false CONFIG.c_has_overflow false CONFIG.c_has_underflow false CONFIG.c_latency 3 CONFIG.c_mult_usage Full_Usage CONFIG.c_optimization Speed_Optimized CONFIG.c_rate 1 CONFIG.c_result_exponent_width 8 CONFIG.c_result_fraction_width 24 CONFIG.component_name fft_8point_ap_fsub_3_full_dsp_32 CONFIG.flow_control NonBlocking CONFIG.has_a_tlast false CONFIG.has_a_tuser false CONFIG.has_aclken true CONFIG.has_aresetn false CONFIG.has_b_tlast false CONFIG.has_b_tuser false CONFIG.has_operation_tlast false CONFIG.has_operation_tuser false CONFIG.has_result_tready false CONFIG.maximum_latency false CONFIG.operation_tuser_width 1 CONFIG.operation_type Add_Subtract CONFIG.result_precision_type Single CONFIG.result_tlast_behv Null"
      }
    ]
  },
  "Interfaces": {
    "ap_clk": {
      "type": "clock",
      "ctype": {"CLK": {"Type": "bool"}},
      "bundle_name": "ap_clk",
      "bundle_role": "default",
      "reset": "ap_rst"
    },
    "ap_rst": {
      "type": "reset",
      "polarity": "ACTIVE_HIGH",
      "ctype": {"RST": {"Type": "bool"}},
      "bundle_name": "ap_rst",
      "bundle_role": "default"
    },
    "FFT_input_M_imag_address0": {
      "type": "data",
      "dir": "out",
      "width": "3",
      "ctype": {"DATA": {
          "Type": "null",
          "Width": "3"
        }},
      "bundle_name": "FFT_input_M_imag",
      "bundle_role": "address0"
    },
    "FFT_input_M_imag_q0": {
      "type": "data",
      "dir": "in",
      "width": "32",
      "ctype": {"DATA": {
          "Type": "real float",
          "Width": "32"
        }},
      "bundle_name": "FFT_input_M_imag",
      "bundle_role": "q0"
    },
    "FFT_input_M_real_address0": {
      "type": "data",
      "dir": "out",
      "width": "3",
      "ctype": {"DATA": {
          "Type": "null",
          "Width": "3"
        }},
      "bundle_name": "FFT_input_M_real",
      "bundle_role": "address0"
    },
    "FFT_input_M_real_q0": {
      "type": "data",
      "dir": "in",
      "width": "32",
      "ctype": {"DATA": {
          "Type": "real float",
          "Width": "32"
        }},
      "bundle_name": "FFT_input_M_real",
      "bundle_role": "q0"
    },
    "FFT_output_M_imag_address0": {
      "type": "data",
      "dir": "out",
      "width": "3",
      "ctype": {"DATA": {
          "Type": "null",
          "Width": "3"
        }},
      "bundle_name": "FFT_output_M_imag",
      "bundle_role": "address0"
    },
    "FFT_output_M_imag_address1": {
      "type": "data",
      "dir": "out",
      "width": "3",
      "ctype": {"DATA": {
          "Type": "null",
          "Width": "3"
        }},
      "bundle_name": "FFT_output_M_imag",
      "bundle_role": "address1"
    },
    "FFT_output_M_imag_d0": {
      "type": "data",
      "dir": "out",
      "width": "32",
      "ctype": {"DATA": {
          "Type": "real float",
          "Width": "32"
        }},
      "bundle_name": "FFT_output_M_imag",
      "bundle_role": "d0"
    },
    "FFT_output_M_imag_d1": {
      "type": "data",
      "dir": "out",
      "width": "32",
      "ctype": {"DATA": {
          "Type": "real float",
          "Width": "32"
        }},
      "bundle_name": "FFT_output_M_imag",
      "bundle_role": "d1"
    },
    "FFT_output_M_real_address0": {
      "type": "data",
      "dir": "out",
      "width": "3",
      "ctype": {"DATA": {
          "Type": "null",
          "Width": "3"
        }},
      "bundle_name": "FFT_output_M_real",
      "bundle_role": "address0"
    },
    "FFT_output_M_real_address1": {
      "type": "data",
      "dir": "out",
      "width": "3",
      "ctype": {"DATA": {
          "Type": "null",
          "Width": "3"
        }},
      "bundle_name": "FFT_output_M_real",
      "bundle_role": "address1"
    },
    "FFT_output_M_real_d0": {
      "type": "data",
      "dir": "out",
      "width": "32",
      "ctype": {"DATA": {
          "Type": "real float",
          "Width": "32"
        }},
      "bundle_name": "FFT_output_M_real",
      "bundle_role": "d0"
    },
    "FFT_output_M_real_d1": {
      "type": "data",
      "dir": "out",
      "width": "32",
      "ctype": {"DATA": {
          "Type": "real float",
          "Width": "32"
        }},
      "bundle_name": "FFT_output_M_real",
      "bundle_role": "d1"
    }
  },
  "RtlPorts": {
    "ap_clk": {
      "dir": "in",
      "width": "1"
    },
    "ap_rst": {
      "dir": "in",
      "width": "1"
    },
    "FFT_input_M_real_address0": {
      "dir": "out",
      "width": "3"
    },
    "FFT_input_M_real_ce0": {
      "dir": "out",
      "width": "1"
    },
    "FFT_input_M_real_q0": {
      "dir": "in",
      "width": "32"
    },
    "FFT_input_M_imag_address0": {
      "dir": "out",
      "width": "3"
    },
    "FFT_input_M_imag_ce0": {
      "dir": "out",
      "width": "1"
    },
    "FFT_input_M_imag_q0": {
      "dir": "in",
      "width": "32"
    },
    "FFT_output_M_real_address0": {
      "dir": "out",
      "width": "3"
    },
    "FFT_output_M_real_ce0": {
      "dir": "out",
      "width": "1"
    },
    "FFT_output_M_real_we0": {
      "dir": "out",
      "width": "1"
    },
    "FFT_output_M_real_d0": {
      "dir": "out",
      "width": "32"
    },
    "FFT_output_M_real_address1": {
      "dir": "out",
      "width": "3"
    },
    "FFT_output_M_real_ce1": {
      "dir": "out",
      "width": "1"
    },
    "FFT_output_M_real_we1": {
      "dir": "out",
      "width": "1"
    },
    "FFT_output_M_real_d1": {
      "dir": "out",
      "width": "32"
    },
    "FFT_output_M_imag_address0": {
      "dir": "out",
      "width": "3"
    },
    "FFT_output_M_imag_ce0": {
      "dir": "out",
      "width": "1"
    },
    "FFT_output_M_imag_we0": {
      "dir": "out",
      "width": "1"
    },
    "FFT_output_M_imag_d0": {
      "dir": "out",
      "width": "32"
    },
    "FFT_output_M_imag_address1": {
      "dir": "out",
      "width": "3"
    },
    "FFT_output_M_imag_ce1": {
      "dir": "out",
      "width": "1"
    },
    "FFT_output_M_imag_we1": {
      "dir": "out",
      "width": "1"
    },
    "FFT_output_M_imag_d1": {
      "dir": "out",
      "width": "32"
    }
  },
  "ModuleInfo": {
    "Hierarchy": {
      "ModuleName": "fft_8point",
      "Instances": [{
          "ModuleName": "FFT_stages",
          "InstanceName": "grp_FFT_stages_fu_159"
        }]
    },
    "Info": {
      "FFT_stages": {
        "FunctionProtocol": "ap_ctrl_hs",
        "isTaskLevelControl": "1",
        "isPipelined": "0",
        "isCombinational": "0",
        "isOneStateSeq": "0"
      },
      "fft_8point": {
        "FunctionProtocol": "ap_ctrl_none",
        "isTaskLevelControl": "1",
        "isPipelined": "0",
        "isCombinational": "0",
        "isOneStateSeq": "0"
      }
    },
    "Metrics": {
      "FFT_stages": {
        "Latency": {
          "LatencyBest": "187",
          "LatencyAvg": "187",
          "LatencyWorst": "187",
          "PipelineII": "187",
          "PipelineDepth": "",
          "PipelineType": "none"
        },
        "Timing": {
          "Target": "10.00",
          "Uncertainty": "1.25",
          "Estimate": "8.400"
        },
        "Loops": [
          {
            "Name": "Loop 1",
            "TripCount": "8",
            "Latency": "7",
            "PipelineII": "",
            "PipelineDepth": "1"
          },
          {
            "Name": "Loop 2",
            "TripCount": "8",
            "Latency": "7",
            "PipelineII": "",
            "PipelineDepth": "1"
          },
          {
            "Name": "stage1",
            "TripCount": "4",
            "Latency": "32",
            "PipelineII": "",
            "PipelineDepth": "8"
          },
          {
            "Name": "stage2",
            "TripCount": "2",
            "Latency": "72",
            "PipelineII": "",
            "PipelineDepth": "36",
            "Loops": [{
                "Name": "stage2.1",
                "TripCount": "2",
                "Latency": "34",
                "PipelineII": "",
                "PipelineDepth": "17"
              }]
          },
          {
            "Name": "stage3",
            "TripCount": "4",
            "Latency": "64",
            "PipelineII": "",
            "PipelineDepth": "16"
          }
        ],
        "Area": {
          "BRAM_18K": "4",
          "DSP48E": "20",
          "FF": "2129",
          "LUT": "3873",
          "URAM": "0"
        }
      },
      "fft_8point": {
        "Latency": {
          "LatencyBest": "221",
          "LatencyAvg": "221",
          "LatencyWorst": "221",
          "PipelineII": "222",
          "PipelineDepth": "",
          "PipelineType": "none"
        },
        "Timing": {
          "Target": "10.00",
          "Uncertainty": "1.25",
          "Estimate": "8.400"
        },
        "Loops": [
          {
            "Name": "Loop 1",
            "TripCount": "8",
            "Latency": "7",
            "PipelineII": "",
            "PipelineDepth": "1"
          },
          {
            "Name": "Loop 2",
            "TripCount": "8",
            "Latency": "24",
            "PipelineII": "",
            "PipelineDepth": "3"
          }
        ],
        "Area": {
          "BRAM_18K": "4",
          "DSP48E": "20",
          "FF": "2282",
          "LUT": "4103",
          "URAM": "0"
        }
      }
    }
  },
  "Sdx": {
    "Target": "none",
    "ProfileOption": "0",
    "ProfileType": "none",
    "XO": "",
    "KernelName": "fft_8point",
    "EnableXoSwEmu": "1"
  },
  "GenData": {
    "DataVersion": "0.2",
    "Time": "2024-12-17 20:38:11 IST",
    "ToolName": "vivado_hls",
    "ToolVersion": "2019.1"
  }
}
